"","LINEUP_SORTED","NUMBER OF GUARDS","OPPONENT POSSESSIONS","CMU POSSESSIONS","LINEUP SECONDS","OPPONENT PTS","CMU PTS","CMU 3PA","CMU FGA","CMU FTA","CMU REBOUNDS","TOTAL REBOUNDS","OPPONENTS","SCORE DIFFERENTIAL WHEN ENTER","QUARTER","NUMBERS","PACE","OFFENSIVE RATING","DEFENSIVE RATING","NET RATING","3PA/FGA","TRUE SHOOTING %","TRB%"
"1","ARIAS,AVA BLACK,AVA CHINTALA,ANISHA DELMORE,KAYLA HEYER,ALLIE",4,12,14,427,7,9,4,14,0,11,17,"chicago2, chicago2, rochester, rochester2","-10, -16, 4, 3","3, 3, 3, 1","5 24 1 10 21",73.0679156908665,64.2857142857143,58.3333333333333,5.95238095238096,0.285714285714286,32.1428571428571,64.7058823529412
"2","ARIAS,AVA BLACK,AVA CHINTALA,ANISHA DELMORE,KAYLA LIGOTTI,PIPER",4,16,16,511,23,17,6,12,2,7,12,"chicago2, chicago2, washu2","0, -3, 11","1, 3, 3","1 3 10 21 24",75.146771037182,106.25,143.75,-37.5,0.5,65.9937888198758,58.3333333333333
"3","ARIAS,AVA BLACK,AVA CHINTALA,ANISHA DELMORE,KAYLA MATSKO,MEGAN",4,4,4,116,3,2,3,4,0,3,6,"allegheny","15","2","1 21 10 24 13",82.7586206896552,50,75,-25,0.75,25,50
"4","ARIAS,AVA BLACK,AVA CHINTALA,ANISHA DELMORE,KAYLA OR,CATHERINE",4,8,11,248,9,12,1,12,0,4,8,"rochester, washu","0, -5","3, 3","10 1 22 24 21",91.9354838709677,109.090909090909,112.5,-3.40909090909092,0.0833333333333333,50,50
"5","ARIAS,AVA BLACK,AVA CHINTALA,ANISHA HEYER,ALLIE JOSEPH,JAMIE",3,1,1,26,1,0,0,0,0,0,0,"chicago2","-6","2","1 5 24 10 32",92.3076923076923,0,100,-100,NA,NA,NA
"6","ARIAS,AVA BLACK,AVA CHINTALA,ANISHA HEYER,ALLIE LIGOTTI,PIPER",4,3,3,126,4,3,1,2,2,0,4,"capital, emory","0, -7","3, 3","24 3 10 1 5",57.1428571428571,100,133.333333333333,-33.3333333333333,0.5,52.0833333333333,0
"7","ARIAS,AVA BLACK,AVA CHINTALA,ANISHA HEYER,ALLIE MATSKO,MEGAN",4,3,3,93,7,4,0,2,0,0,0,"chicago2, washu2","-4, 13","1, 3","1 5 13 10 24",77.4193548387097,133.333333333333,233.333333333333,-100,0,100,NA
"8","ARIAS,AVA BLACK,AVA CHINTALA,ANISHA HEYER,ALLIE NAMBISAN,ISHA",4,2,3,116,0,4,0,2,2,2,3,"chicago2","-7","2","1 5 24 10 23",51.7241379310345,133.333333333333,0,133.333333333333,0,69.4444444444444,66.6666666666667
"9","ARIAS,AVA BLACK,AVA CHINTALA,ANISHA HEYER,ALLIE OR,CATHERINE",4,4,1,111,4,5,1,3,0,2,4,"rochester2, washu","5, -10","1, 4","1 5 10 22 24",54.054054054054,500,100,400,0.333333333333333,83.3333333333333,50
"10","ARIAS,AVA BLACK,AVA CHINTALA,ANISHA LIGOTTI,PIPER NAMBISAN,ISHA",4,-1,0,15,0,0,0,0,0,0,0,"capital","2","1","1 10 3 23 24",-80,NA,0,NA,NA,NA,NA
"11","ARIAS,AVA BLACK,AVA CHINTALA,ANISHA LIGOTTI,PIPER OR,CATHERINE",4,15,14,429,14,13,1,9,4,7,14,"emory, emory2, washu, washu","-5, -2, -2, -7","3, 2, 1, 4","22 1 3 10 24",81.1188811188811,92.8571428571429,93.3333333333333,-0.476190476190467,0.111111111111111,60.4089219330855,50
"12","ARIAS,AVA BLACK,AVA CHINTALA,ANISHA MATSKO,MEGAN OR,CATHERINE",4,4,4,133,5,0,1,2,0,2,4,"chicago","-1","1","24 1 10 22 13",72.1804511278195,0,125,-125,0.5,0,50
"13","ARIAS,AVA BLACK,AVA DELMORE,KAYLA HEYER,ALLIE LIGOTTI,PIPER",4,5,6,169,4,10,4,5,2,4,5,"capital, washu2","7, 3","1, 2","1 21 3 5 24",78.1065088757396,166.666666666667,80,86.6666666666667,0.8,85.0340136054422,80
"14","ARIAS,AVA BLACK,AVA DELMORE,KAYLA HEYER,ALLIE MATSKO,MEGAN",4,3,2,114,2,0,2,2,0,2,4,"chicago2","-2","1","1 5 13 21 24",52.6315789473684,0,66.6666666666667,-66.6666666666667,1,0,50
"15","ARIAS,AVA BLACK,AVA DELMORE,KAYLA HEYER,ALLIE OR,CATHERINE",4,2,2,47,2,2,0,1,2,1,2,"case western reserve2, washu","3, -9","1, 3","1 22 5 21 24",102.127659574468,100,100,0,0,53.1914893617021,50
"16","ARIAS,AVA BLACK,AVA DELMORE,KAYLA LIGOTTI,PIPER NAMBISAN,ISHA",4,3,4,109,2,7,2,3,2,2,3,"capital","2","1","1 21 3 23 24",77.0642201834862,175,66.6666666666667,108.333333333333,0.666666666666667,90.2061855670103,66.6666666666667
"17","ARIAS,AVA BLACK,AVA DELMORE,KAYLA MATSKO,MEGAN OR,CATHERINE",4,2,1,43,5,0,0,0,2,0,2,"washu","-3","2","13 24 22 21 1",83.7209302325581,0,250,-250,NA,0,0
"18","ARIAS,AVA BLACK,AVA HEYER,ALLIE LIGOTTI,PIPER OR,CATHERINE",4,5,5,196,7,2,1,3,2,3,9,"chicago, nyu2","-4, -14","3, 2","24 1 22 5 3",61.2244897959184,40,140,-100,0.333333333333333,25.7731958762887,33.3333333333333
"19","ARIAS,AVA CHINTALA,ANISHA DELMORE,KAYLA GIBBS,SAVANNAH HEYER,ALLIE",4,32,30,1009,35,14,12,28,6,19,42,"carnegie mellon2, carnegie mellon2, emory2, emory2, geneva, geneva, grove city, grove city, rochester2, washu2, washu2","7, 2, 3, -1, 9, 35, -3, 9, 22, 10, 12","1, 3, 1, 2, 1, 3, 2, 3, 2, 1, 3","4 5 21 10 24",73.7363726461843,46.6666666666667,109.375,-62.7083333333333,0.428571428571429,22.845953002611,45.2380952380952
"20","ARIAS,AVA CHINTALA,ANISHA DELMORE,KAYLA GIBBS,SAVANNAH LIGOTTI,PIPER",4,53,55,1579,34,46,14,48,5,30,58,"brandeis2, carnegie mellon, carnegie mellon2, case western reserve, chicago, geneva, grove city, grove city, nyu, pitt.-greensburg2, pitt.-greensburg2, washu, washu2, washu2, washu2","7, -5, 4, 10, 0, 30, 0, -5, -10, 0, 31, -3, -3, 9, 9","2, 1, 3, 2, 2, 2, 1, 2, 1, 1, 3, 2, 1, 3, 4","4 21 3 10 24",82.077264091197,83.6363636363636,64.1509433962264,19.4854202401372,0.291666666666667,45.8167330677291,51.7241379310345
"21","ARIAS,AVA CHINTALA,ANISHA DELMORE,KAYLA GIBBS,SAVANNAH MATSKO,MEGAN",4,2,1,41,0,0,0,0,0,2,2,"washu","-1","2","13 24 10 21 4",87.8048780487805,0,0,0,NA,NA,100
"22","ARIAS,AVA CHINTALA,ANISHA DELMORE,KAYLA GIBBS,SAVANNAH OR,CATHERINE",4,37,37,1250,36,45,14,36,6,24,46,"carnegie mellon, carnegie mellon, carnegie mellon, carnegie mellon, geneva, geneva, geneva, rochester, rochester, rochester2, washu","-6, -4, -5, -5, 0, 13, 32, 6, -4, 30, -6","3, 4, 4, 4, 1, 2, 3, 3, 4, 3, 3","4 10 21 22 24",71.04,121.621621621622,97.2972972972973,24.3243243243243,0.388888888888889,58.2298136645963,52.1739130434783
"23","ARIAS,AVA CHINTALA,ANISHA DELMORE,KAYLA HEYER,ALLIE LAFOND,LIV",5,6,6,206,2,6,3,6,2,4,7,"carnegie mellon2","-2","3","24 5 21 34 10",69.9029126213592,100,33.3333333333333,66.6666666666667,0.5,43.6046511627907,57.1428571428571
"24","ARIAS,AVA CHINTALA,ANISHA DELMORE,KAYLA HEYER,ALLIE OR,CATHERINE",5,4,3,124,4,3,1,3,0,2,5,"denison","-3","3","10 5 24 21 22",67.741935483871,100,100,0,0.333333333333333,50,40
"25","ARIAS,AVA CHINTALA,ANISHA DELMORE,KAYLA HEYER,ALLIE PROUTY,ANNA",4,3,2,95,4,3,2,2,0,1,4,"nyu, wooster","-25, 35","3, 3","20 24 10 21 5",63.1578947368421,150,133.333333333333,16.6666666666667,1,75,25
"26","ARIAS,AVA CHINTALA,ANISHA DELMORE,KAYLA LAFOND,LIV LIGOTTI,PIPER",5,0,0,4,0,0,0,0,0,0,0,"case western reserve","19","4","3 24 21 34 10",0,NA,NA,NA,NA,NA,NA
"27","ARIAS,AVA CHINTALA,ANISHA DELMORE,KAYLA LAFOND,LIV OR,CATHERINE",5,2,3,61,0,5,2,3,2,4,5,"denison","-7","3","10 24 34 21 22",98.3606557377049,166.666666666667,0,166.666666666667,0.666666666666667,64.4329896907217,80
"28","ARIAS,AVA CHINTALA,ANISHA DELMORE,KAYLA LIGOTTI,PIPER PROUTY,ANNA",4,3,3,81,5,0,0,2,0,1,3,"carnegie mellon","-7","2","20 10 21 3 24",88.8888888888889,0,166.666666666667,-166.666666666667,0,0,33.3333333333333
"29","ARIAS,AVA CHINTALA,ANISHA DELMORE,KAYLA NAMBISAN,ISHA PROUTY,ANNA",4,2,1,27,2,0,0,0,0,1,2,"case western reserve","16","3","21 20 23 24 10",133.333333333333,0,100,-100,NA,NA,50
"30","ARIAS,AVA CHINTALA,ANISHA DELMORE,KAYLA OR,CATHERINE PROUTY,ANNA",4,1,1,52,0,0,1,1,0,0,1,"carnegie mellon","-3","4","20 10 21 22 24",46.1538461538461,0,0,0,1,0,0
"31","ARIAS,AVA CHINTALA,ANISHA GIBBS,SAVANNAH HEYER,ALLIE LIGOTTI,PIPER",4,29,26,811,31,25,3,22,2,13,21,"capital, capital, emory, nyu, washu, washu2, wooster","1, 1, -5, -19, -11, 6, 6","2, 3, 3, 2, 3, 4, 1","4 10 5 3 24",81.3810110974106,96.1538461538462,106.896551724138,-10.7427055702918,0.136363636363636,54.6328671328671,61.9047619047619
"32","ARIAS,AVA CHINTALA,ANISHA GIBBS,SAVANNAH HEYER,ALLIE MATSKO,MEGAN",4,4,5,124,4,3,2,3,2,2,5,"emory, washu2, washu2","-10, 13, 11","1, 3, 3","13 4 10 5 24",87.0967741935484,60,100,-40,0.666666666666667,38.659793814433,40
"33","ARIAS,AVA CHINTALA,ANISHA GIBBS,SAVANNAH HEYER,ALLIE NAMBISAN,ISHA",4,17,16,434,16,14,4,16,2,12,19,"brandeis, capital, pitt.-greensburg","14, 6, 8","3, 2, 1","4 10 23 5 24",91.2442396313364,87.5,94.1176470588235,-6.61764705882352,0.25,41.4691943127962,63.1578947368421
"34","ARIAS,AVA CHINTALA,ANISHA GIBBS,SAVANNAH HEYER,ALLIE OR,CATHERINE",4,39,39,1315,28,44,7,35,6,24,40,"brandeis, carnegie mellon, carnegie mellon, carnegie mellon2, case western reserve, emory2, emory2, geneva, nyu, nyu, nyu2, rochester2","9, -10, -5, 2, 9, 2, -7, 11, -13, -19, -15, 25","2, 2, 4, 4, 2, 1, 3, 1, 1, 2, 2, 3","5 4 22 10 24",71.1787072243346,112.820512820513,71.7948717948718,41.025641025641,0.2,58.4484590860786,60
"35","ARIAS,AVA CHINTALA,ANISHA GIBBS,SAVANNAH LIGOTTI,PIPER NAMBISAN,ISHA",4,10,11,317,4,10,1,8,0,3,7,"carnegie mellon, emory, washu2","-7, -9, 6","1, 2, 1","4 10 23 3 24",79.4952681388013,90.9090909090909,40,50.9090909090909,0.125,62.5,42.8571428571429
"36","ARIAS,AVA CHINTALA,ANISHA GIBBS,SAVANNAH LIGOTTI,PIPER OR,CATHERINE",4,235,234,7960,190,217,46,220,23,145,270,"allegheny, allegheny, brandeis, brandeis, brandeis, brandeis2, brandeis2, carnegie mellon, carnegie mellon, carnegie mellon2, case western reserve, case western reserve, case western reserve, case western reserve2, case western reserve2, case western reserve2, chicago, chicago, chicago, chicago, chicago, emory, emory, emory, emory, emory, emory2, emory2, nyu, nyu, nyu, nyu2, nyu2, nyu2, rochester, rochester, rochester, rochester, rochester2, rochester2, washington & jefferson, washu, washu, washu, washu","0, 25, 0, -1, 11, 0, 7, -8, -6, 4, 0, 5, 10, 0, -5, -20, 0, -2, -1, -8, -10, 0, -11, -9, -5, -7, 0, -6, 0, -13, -20, 0, -16, -21, 0, -4, -2, -4, 0, 24, 0, 0, -6, -4, -9","1, 3, 1, 2, 2, 1, 2, 2, 3, 3, 1, 2, 2, 1, 2, 3, 1, 2, 3, 4, 4, 1, 2, 2, 2, 4, 1, 3, 1, 1, 3, 1, 1, 3, 1, 2, 3, 4, 1, 3, 1, 1, 2, 3, 4","3 4 10 22 24",70.7035175879397,92.7350427350427,80.8510638297872,11.8839789052555,0.209090909090909,47.1493134017035,53.7037037037037
"37","ARIAS,AVA CHINTALA,ANISHA GIBBS,SAVANNAH MATSKO,MEGAN OR,CATHERINE",4,19,19,657,16,11,7,16,0,11,22,"brandeis2, chicago, chicago, emory, washington & jefferson, washington & jefferson","4, -1, -6, -3, -2, 1","2, 1, 2, 1, 1, 3","4 22 13 10 24",69.4063926940639,57.8947368421053,84.2105263157895,-26.3157894736842,0.4375,34.375,50
"38","ARIAS,AVA CHINTALA,ANISHA GIBBS,SAVANNAH NAMBISAN,ISHA OR,CATHERINE",4,12,9,343,6,5,2,6,2,6,12,"carnegie mellon, case western reserve2, emory, geneva","-8, -1, -9, 17","1, 2, 2, 2","4 10 23 22 24",73.469387755102,55.5555555555556,50,5.55555555555556,0.333333333333333,36.3372093023256,50
"39","ARIAS,AVA CHINTALA,ANISHA HEYER,ALLIE LIGOTTI,PIPER PROUTY,ANNA",4,11,12,379,9,5,3,8,2,8,15,"carnegie mellon2, nyu, wooster","4, -26, 8","1, 3, 1","3 5 20 10 24",72.8232189973615,41.6666666666667,81.8181818181818,-40.1515151515152,0.375,28.1531531531531,53.3333333333333
"40","ARIAS,AVA CHINTALA,ANISHA HEYER,ALLIE MATSKO,MEGAN PROUTY,ANNA",4,7,8,230,6,7,3,6,0,5,9,"pitt.-greensburg, pitt.-greensburg2","22, 23","3, 3","5 10 13 20 24",78.2608695652174,87.5,85.7142857142857,1.78571428571429,0.5,58.3333333333333,55.5555555555556
"41","ARIAS,AVA CHINTALA,ANISHA HEYER,ALLIE NAMBISAN,ISHA PROUTY,ANNA",4,15,12,463,7,16,4,15,1,11,20,"chicago2, pitt.-greensburg, wooster","-8, 7, 35","3, 1, 3","5 24 20 10 23",69.9784017278618,133.333333333333,46.6666666666667,86.6666666666667,0.266666666666667,51.8134715025907,55
"42","ARIAS,AVA CHINTALA,ANISHA LAFOND,LIV LIGOTTI,PIPER OR,CATHERINE",5,1,1,42,0,2,0,1,0,1,1,"case western reserve","19","4","3 24 22 34 10",57.1428571428571,200,0,200,0,100,100
"43","ARIAS,AVA CHINTALA,ANISHA LIGOTTI,PIPER OR,CATHERINE PROUTY,ANNA",4,12,12,441,7,15,4,12,2,8,11,"carnegie mellon, case western reserve, case western reserve, case western reserve, case western reserve2, nyu","-12, 2, 8, 10, -20, -20","2, 1, 2, 3, 3, 3","20 10 22 3 24",65.3061224489796,125,58.3333333333333,66.6666666666667,0.333333333333333,58.2298136645963,72.7272727272727
"44","ARIAS,AVA CHINTALA,ANISHA NAMBISAN,ISHA OR,CATHERINE PROUTY,ANNA",4,3,2,83,2,3,2,2,0,2,2,"case western reserve","18","3","22 20 23 24 10",72.289156626506,150,66.6666666666667,83.3333333333333,1,75,100
"45","ARIAS,AVA DELMORE,KAYLA GIBBS,SAVANNAH HEYER,ALLIE LIGOTTI,PIPER",4,31,31,1013,24,24,11,29,9,18,40,"capital, case western reserve2, denison, geneva, pitt.-greensburg2, rochester2, washu2, washu2, washu2","1, 4, 1, 28, 27, 24, 13, 7, 11","3, 1, 1, 2, 3, 2, 2, 3, 4","24 3 21 4 5",73.4452122408687,77.4193548387097,77.4193548387097,0,0.379310344827586,36.4077669902913,45
"46","ARIAS,AVA DELMORE,KAYLA GIBBS,SAVANNAH HEYER,ALLIE OR,CATHERINE",4,33,31,1092,25,34,10,24,4,17,33,"carnegie mellon, case western reserve, case western reserve2, denison, emory2, emory2, rochester, rochester2, rochester2, washu","-3, 6, -7, 4, -4, -1, -7, 5, 22, -9","4, 2, 2, 1, 1, 2, 4, 2, 2, 4","5 4 21 22 24",70.3296703296703,109.677419354839,75.7575757575758,33.919843597263,0.416666666666667,65.9937888198758,51.5151515151515
"47","ARIAS,AVA DELMORE,KAYLA GIBBS,SAVANNAH LIGOTTI,PIPER OR,CATHERINE",4,6,4,164,4,2,1,2,0,4,7,"carnegie mellon2, chicago, washu","-2, -2, -7","1, 2, 4","3 4 22 21 24",73.1707317073171,50,66.6666666666667,-16.6666666666667,0.5,50,57.1428571428571
"48","ARIAS,AVA DELMORE,KAYLA GIBBS,SAVANNAH MATSKO,MEGAN OR,CATHERINE",4,1,2,32,2,0,0,0,0,0,0,"washu","-1","2","13 24 22 21 4",112.5,0,200,-200,NA,NA,NA
"49","ARIAS,AVA DELMORE,KAYLA GIBBS,SAVANNAH NAMBISAN,ISHA OR,CATHERINE",4,4,3,110,0,0,1,2,0,4,6,"carnegie mellon2, case western reserve","-2, 19","1, 4","23 4 22 21 24",76.3636363636364,0,0,0,0.5,0,66.6666666666667
"50","ARIAS,AVA DELMORE,KAYLA HEYER,ALLIE JOSEPH,JAMIE MATSKO,MEGAN",4,2,2,53,0,2,0,3,0,2,3,"pitt.-greensburg2","16","1","5 13 32 21 24",90.566037735849,100,0,100,0,33.3333333333333,66.6666666666667
"51","ARIAS,AVA DELMORE,KAYLA HEYER,ALLIE LAFOND,LIV LIGOTTI,PIPER",5,2,2,80,0,0,0,1,0,2,5,"denison","-4","3","3 5 24 21 34",60,0,0,0,0,0,40
"52","ARIAS,AVA DELMORE,KAYLA HEYER,ALLIE LAFOND,LIV MATSKO,MEGAN",5,0,1,45,0,3,2,3,0,2,2,"denison","-6","2","24 5 34 21 13",26.6666666666667,300,NA,NA,0.666666666666667,50,100
"53","ARIAS,AVA DELMORE,KAYLA HEYER,ALLIE LAFOND,LIV OR,CATHERINE",5,8,8,274,12,9,2,5,4,3,7,"denison","-3","2","24 5 34 21 22",70.0729927007299,112.5,150,-37.5,0.4,66.5680473372781,42.8571428571429
"54","ARIAS,AVA DELMORE,KAYLA HEYER,ALLIE LIGOTTI,PIPER PROUTY,ANNA",4,4,6,164,7,5,1,2,0,1,1,"brandeis, pitt.-greensburg","14, 22","2, 3","5 20 21 3 24",73.1707317073171,83.3333333333333,175,-91.6666666666667,0.5,125,100
"55","ARIAS,AVA DELMORE,KAYLA HEYER,ALLIE MATSKO,MEGAN PROUTY,ANNA",4,1,0,46,0,0,0,0,0,1,2,"pitt.-greensburg","22","3","5 21 13 20 24",26.0869565217391,NA,0,NA,NA,NA,50
"56","ARIAS,AVA DELMORE,KAYLA HEYER,ALLIE NAMBISAN,ISHA PROUTY,ANNA",4,3,3,112,6,2,1,4,0,3,4,"wooster","8","1","21 20 23 5 24",64.2857142857143,66.6666666666667,200,-133.333333333333,0.25,25,75
"57","ARIAS,AVA DELMORE,KAYLA LAFOND,LIV LIGOTTI,PIPER MATSKO,MEGAN",5,1,2,50,0,3,0,0,4,1,1,"allegheny","14","2","3 21 34 24 13",72,150,0,150,NA,85.2272727272727,100
"58","ARIAS,AVA DELMORE,KAYLA LIGOTTI,PIPER NAMBISAN,ISHA PROUTY,ANNA",4,2,2,53,2,2,0,1,2,2,4,"geneva","13","1","3 20 21 23 24",90.566037735849,100,100,0,0,53.1914893617021,50
"59","ARIAS,AVA DELMORE,KAYLA NAMBISAN,ISHA OR,CATHERINE PROUTY,ANNA",4,1,0,31,0,0,0,0,0,1,2,"case western reserve","19","4","20 24 22 23 21",38.7096774193548,NA,0,NA,NA,NA,50
"60","ARIAS,AVA GIBBS,SAVANNAH HEYER,ALLIE LIGOTTI,PIPER OR,CATHERINE",4,40,48,1416,29,48,14,43,13,32,53,"brandeis, case western reserve, case western reserve2, chicago, emory, emory, emory, emory2, geneva, nyu2, nyu2, rochester, rochester, rochester2, rochester2, washington & jefferson, washu, washu","9, 7, 4, -6, -8, -9, -7, -2, 26, -16, -24, -4, 0, 14, 28, 0, 0, -8","2, 2, 1, 3, 2, 3, 4, 2, 2, 2, 3, 2, 3, 2, 3, 2, 1, 4","5 4 22 3 24",74.5762711864407,100,72.5,27.5,0.325581395348837,49.2610837438424,60.377358490566
"61","ARIAS,AVA GIBBS,SAVANNAH HEYER,ALLIE MATSKO,MEGAN OR,CATHERINE",4,3,3,110,6,4,1,3,0,1,4,"denison, rochester","6, -3","2, 1","24 5 22 4 13",65.4545454545455,133.333333333333,200,-66.6666666666667,0.333333333333333,66.6666666666667,25
"62","ARIAS,AVA GIBBS,SAVANNAH HEYER,ALLIE NAMBISAN,ISHA OR,CATHERINE",4,4,3,130,1,3,1,2,2,3,6,"case western reserve2","-3","2","4 22 5 23 24",64.6153846153846,100,25,75,0.5,52.0833333333333,50
"63","ARIAS,AVA HEYER,ALLIE LAFOND,LIV LIGOTTI,PIPER OR,CATHERINE",5,2,2,87,2,0,0,2,0,1,3,"denison","3","1","24 5 3 22 34",55.1724137931035,0,100,-100,0,0,33.3333333333333
"64","ARIAS,AVA HEYER,ALLIE LIGOTTI,PIPER OR,CATHERINE PROUTY,ANNA",4,4,4,105,2,0,0,4,0,2,5,"pitt.-greensburg","7","2","20 22 5 3 24",91.4285714285714,0,50,-50,0,0,40
"65","ARIAS,AVA HEYER,ALLIE MATSKO,MEGAN OR,CATHERINE PROUTY,ANNA",4,5,5,162,13,2,2,4,0,1,5,"denison","5","2","24 5 22 20 13",74.0740740740741,40,260,-220,0.5,25,20
"66","ARIAS,AVA HEYER,ALLIE NAMBISAN,ISHA OR,CATHERINE PROUTY,ANNA",4,6,6,195,2,3,4,6,0,7,10,"case western reserve, pitt.-greensburg","19, 7","3, 2","22 20 23 24 5",73.8461538461539,50,33.3333333333333,16.6666666666667,0.666666666666667,25,70
"67","ARIAS,AVA LIGOTTI,PIPER MATSKO,MEGAN OR,CATHERINE PROUTY,ANNA",4,2,1,59,2,2,0,1,0,0,0,"pitt.-greensburg","5","2","20 22 13 3 24",61.0169491525424,200,100,100,0,100,NA
"68","ARIAS,AVA LIGOTTI,PIPER NAMBISAN,ISHA OR,CATHERINE PROUTY,ANNA",4,1,0,14,0,0,0,0,0,0,0,"geneva","13","1","3 20 22 23 24",85.7142857142857,NA,0,NA,NA,NA,NA
"69","BLACK,AVA CHINTALA,ANISHA DELMORE,KAYLA GIBBS,SAVANNAH HEYER,ALLIE",3,5,5,173,5,10,2,4,0,3,6,"capital, capital","0, -7","3, 4","4 10 21 1 5",69.364161849711,200,100,100,0.5,125,50
"70","BLACK,AVA CHINTALA,ANISHA DELMORE,KAYLA GIBBS,SAVANNAH LIGOTTI,PIPER",3,7,6,231,7,4,1,5,0,2,6,"washu2","0","1","1 3 4 10 21",67.5324675324675,66.6666666666667,100,-33.3333333333333,0.2,40,33.3333333333333
"71","BLACK,AVA CHINTALA,ANISHA DELMORE,KAYLA GIBBS,SAVANNAH MATSKO,MEGAN",3,4,4,141,6,2,1,3,0,3,4,"allegheny","24","3","13 1 21 4 10",68.0851063829787,50,150,-100,0.333333333333333,33.3333333333333,75
"72","BLACK,AVA CHINTALA,ANISHA DELMORE,KAYLA HEYER,ALLIE LIGOTTI,PIPER",4,7,8,196,7,6,4,7,2,3,8,"chicago2, chicago2","-5, -12","2, 3","1 5 21 10 3",91.8367346938776,75,100,-25,0.571428571428571,38.0710659898477,37.5
"73","BLACK,AVA CHINTALA,ANISHA DELMORE,KAYLA HEYER,ALLIE MATSKO,MEGAN",4,11,12,301,9,7,2,6,2,6,9,"chicago2, nyu2, rochester2, rochester2","-7, -11, 5, 28","2, 1, 1, 3","1 5 21 10 13",91.6943521594685,58.3333333333333,81.8181818181818,-23.4848484848485,0.333333333333333,50.8720930232558,66.6666666666667
"74","BLACK,AVA CHINTALA,ANISHA DELMORE,KAYLA HEYER,ALLIE NAMBISAN,ISHA",4,1,0,33,2,0,0,0,0,0,1,"chicago2","-14","3","5 23 1 10 21",36.3636363636364,NA,200,NA,NA,NA,0
"75","BLACK,AVA CHINTALA,ANISHA DELMORE,KAYLA LAFOND,LIV LIGOTTI,PIPER",4,4,3,91,3,0,1,4,0,2,5,"rochester","3","1","3 1 10 21 34",92.3076923076923,0,75,-75,0.25,0,40
"76","BLACK,AVA CHINTALA,ANISHA DELMORE,KAYLA MATSKO,MEGAN OR,CATHERINE",4,1,0,16,3,0,0,0,0,0,0,"rochester","3","3","10 1 22 13 21",75,NA,300,NA,NA,NA,NA
"77","BLACK,AVA CHINTALA,ANISHA GIBBS,SAVANNAH HEYER,ALLIE LIGOTTI,PIPER",3,2,1,65,4,0,1,2,0,1,3,"capital","4","3","4 3 10 1 5",55.3846153846154,0,200,-200,0.5,0,33.3333333333333
"78","BLACK,AVA CHINTALA,ANISHA GIBBS,SAVANNAH HEYER,ALLIE OR,CATHERINE",3,3,2,78,0,2,0,4,0,3,4,"allegheny","23","2","5 1 22 4 10",76.9230769230769,100,0,100,0,25,75
"79","BLACK,AVA CHINTALA,ANISHA GIBBS,SAVANNAH LIGOTTI,PIPER OR,CATHERINE",3,7,9,264,3,15,2,10,0,6,8,"allegheny, washu","14, -5","2, 1","3 1 22 4 10",72.7272727272727,166.666666666667,42.8571428571429,123.809523809524,0.2,75,75
"80","BLACK,AVA CHINTALA,ANISHA GIBBS,SAVANNAH MATSKO,MEGAN OR,CATHERINE",3,23,25,800,17,25,6,21,2,13,26,"allegheny, allegheny, washington & jefferson","5, 24, 0","1, 3, 1","1 4 10 22 13",72,100,73.9130434782609,26.0869565217391,0.285714285714286,57.1297989031079,50
"81","BLACK,AVA CHINTALA,ANISHA HEYER,ALLIE LAFOND,LIV LIGOTTI,PIPER",4,8,6,208,3,7,2,5,0,3,4,"emory, washu2","-12, 11","1, 2","3 1 10 5 34",80.7692307692308,116.666666666667,37.5,79.1666666666667,0.4,70,75
"82","BLACK,AVA CHINTALA,ANISHA HEYER,ALLIE LAFOND,LIV OR,CATHERINE",4,2,3,71,2,0,0,3,0,1,3,"washington & jefferson","-4","3","10 1 5 34 22",84.5070422535211,0,100,-100,0,0,33.3333333333333
"83","BLACK,AVA CHINTALA,ANISHA HEYER,ALLIE MATSKO,MEGAN NAMBISAN,ISHA",4,1,1,32,3,0,0,0,0,0,1,"chicago2","-4","2","1 5 23 10 13",75,0,300,-300,NA,NA,0
"84","BLACK,AVA CHINTALA,ANISHA HEYER,ALLIE MATSKO,MEGAN OR,CATHERINE",4,6,6,155,2,5,0,6,2,7,8,"brandeis2","4","2","1 22 5 10 13",92.9032258064516,83.3333333333333,33.3333333333333,50,0,36.3372093023256,87.5
"85","BLACK,AVA CHINTALA,ANISHA LAFOND,LIV MATSKO,MEGAN OR,CATHERINE",4,5,4,145,0,2,0,3,0,5,8,"allegheny","19","3","13 34 22 1 10",74.4827586206897,50,0,50,0,33.3333333333333,62.5
"86","BLACK,AVA CHINTALA,ANISHA LIGOTTI,PIPER MATSKO,MEGAN OR,CATHERINE",4,3,4,167,4,4,1,3,2,1,7,"chicago, emory","1, -7","2, 2","13 1 22 10 3",50.2994011976048,100,133.333333333333,-33.3333333333333,0.333333333333333,51.5463917525773,14.2857142857143
"87","BLACK,AVA DELMORE,KAYLA GIBBS,SAVANNAH HEYER,ALLIE LIGOTTI,PIPER",3,10,11,290,7,16,2,8,4,6,8,"capital, capital, capital","-2, 0, 2","3, 4, 4","4 3 21 1 5",86.8965517241379,145.454545454545,70,75.4545454545455,0.25,81.9672131147541,75
"88","BLACK,AVA DELMORE,KAYLA HEYER,ALLIE LAFOND,LIV OR,CATHERINE",4,1,0,45,2,0,1,1,0,1,1,"case western reserve2","5","1","1 22 5 21 34",26.6666666666667,NA,200,NA,1,0,100
"89","BLACK,AVA DELMORE,KAYLA HEYER,ALLIE LIGOTTI,PIPER MATSKO,MEGAN",4,4,3,94,6,2,0,2,0,1,4,"washu","0","1","3 13 5 21 1",89.3617021276596,66.6666666666667,150,-83.3333333333333,0,50,25
"90","BLACK,AVA DELMORE,KAYLA HEYER,ALLIE LIGOTTI,PIPER OR,CATHERINE",4,2,3,62,3,5,2,3,0,0,1,"nyu2","-23","2","5 21 22 1 3",96.7741935483871,166.666666666667,150,16.6666666666667,0.666666666666667,83.3333333333333,0
"91","BLACK,AVA DELMORE,KAYLA HEYER,ALLIE MATSKO,MEGAN OR,CATHERINE",4,7,6,236,12,6,2,6,0,3,6,"nyu2, rochester2, washu","-11, 25, -5","1, 3, 3","21 1 5 22 13",66.1016949152542,100,171.428571428571,-71.4285714285714,0.333333333333333,50,50
"92","BLACK,AVA DELMORE,KAYLA LAFOND,LIV MATSKO,MEGAN OR,CATHERINE",4,11,11,346,13,6,3,8,0,6,10,"brandeis2, brandeis2, case western reserve2","5, 7, 3","1, 2, 1","1 22 13 21 34",76.3005780346821,54.5454545454545,118.181818181818,-63.6363636363636,0.375,37.5,60
"93","BLACK,AVA GIBBS,SAVANNAH HEYER,ALLIE LIGOTTI,PIPER OR,CATHERINE",3,4,3,111,4,0,2,4,2,2,5,"washington & jefferson","4","2","5 1 4 3 22",75.6756756756757,0,100,-100,0.5,0,40
"94","BLACK,AVA GIBBS,SAVANNAH LIGOTTI,PIPER MATSKO,MEGAN OR,CATHERINE",3,2,1,50,3,0,1,2,0,2,3,"allegheny","17","2","3 1 22 4 13",72,0,150,-150,0.5,0,66.6666666666667
"95","BLACK,AVA LAFOND,LIV LIGOTTI,PIPER MATSKO,MEGAN OR,CATHERINE",4,2,2,110,0,4,1,3,0,3,5,"washington & jefferson","0","2","34 1 13 3 22",43.6363636363636,200,0,200,0.333333333333333,66.6666666666667,60
"96","CARLIN,BETHANY DELMORE,KAYLA GIBBS,SAVANNAH GLOWASKY,SAM HEYER,ALLIE",3,0,0,12,0,0,0,0,0,0,1,"pitt.-greensburg2","28","2","5 11 4 21 02",0,NA,NA,NA,NA,NA,0
"97","CARLIN,BETHANY DELMORE,KAYLA GIBBS,SAVANNAH GLOWASKY,SAM NAMBISAN,ISHA",3,3,3,97,0,7,0,4,1,4,4,"pitt.-greensburg2","28","2","23 11 4 21 02",74.2268041237113,233.333333333333,0,233.333333333333,0,78.8288288288288,100
"98","CARLIN,BETHANY DELMORE,KAYLA GIBBS,SAVANNAH HEYER,ALLIE MATSKO,MEGAN",3,4,4,98,0,5,2,2,2,2,3,"pitt.-greensburg2","23","2","5 13 4 21 02",97.9591836734694,125,0,125,1,86.8055555555556,66.6666666666667
"99","CARLIN,BETHANY DELMORE,KAYLA GLOWASKY,SAM NAMBISAN,ISHA PROUTY,ANNA",3,3,3,148,5,0,2,3,0,1,4,"pitt.-greensburg2","35","2","23 11 20 21 02",48.6486486486486,0,166.666666666667,-166.666666666667,0.666666666666667,0,25
"100","CHINTALA,ANISHA DELMORE,KAYLA GIBBS,SAVANNAH HEYER,ALLIE LAFOND,LIV",4,18,17,669,14,18,5,18,5,16,26,"brandeis, capital, capital, carnegie mellon, case western reserve, washington & jefferson, wooster, wooster, wooster","15, -7, 5, -8, 6, -6, 4, 6, 13","3, 4, 4, 2, 1, 3, 1, 2, 2","4 10 21 5 34",62.780269058296,105.882352941176,77.7777777777778,28.1045751633987,0.277777777777778,44.5544554455446,61.5384615384615
"101","CHINTALA,ANISHA DELMORE,KAYLA GIBBS,SAVANNAH HEYER,ALLIE LIGOTTI,PIPER",4,21,21,694,22,20,8,22,2,10,21,"brandeis, case western reserve2, denison, grove city, nyu2, washu2","16, -18, -7, 4, -15, -1","4, 3, 4, 4, 2, 4","4 5 3 10 21",72.6224783861671,95.2380952380952,104.761904761905,-9.52380952380955,0.363636363636364,43.7062937062937,47.6190476190476
"102","CHINTALA,ANISHA DELMORE,KAYLA GIBBS,SAVANNAH HEYER,ALLIE MATSKO,MEGAN",4,22,23,657,24,23,5,20,10,15,25,"case western reserve2, emory2, grove city, grove city, grove city, grove city","-11, 1, -3, 2, 7, 4","2, 1, 1, 1, 3, 4","4 10 21 5 13",82.1917808219178,100,109.090909090909,-9.09090909090908,0.25,47.1311475409836,60
"103","CHINTALA,ANISHA DELMORE,KAYLA GIBBS,SAVANNAH HEYER,ALLIE OR,CATHERINE",4,18,17,518,19,11,3,14,2,5,16,"denison, emory2, nyu2, rochester","-8, -1, -21, -7","4, 2, 3, 4","22 10 5 21 4",81.0810810810811,64.7058823529412,105.555555555556,-40.8496732026144,0.214285714285714,36.9623655913978,31.25
"104","CHINTALA,ANISHA DELMORE,KAYLA GIBBS,SAVANNAH HEYER,ALLIE PROUTY,ANNA",3,9,8,191,13,14,2,4,8,2,3,"geneva","31","3","4 5 21 10 20",106.806282722513,175,144.444444444444,30.5555555555556,0.5,93.0851063829787,66.6666666666667
"105","CHINTALA,ANISHA DELMORE,KAYLA GIBBS,SAVANNAH LAFOND,LIV LIGOTTI,PIPER",4,27,30,879,13,29,5,29,4,18,35,"brandeis2, grove city, rochester, wooster, wooster","3, -5, 1, 0, 21","1, 2, 1, 1, 3","3 4 10 21 34",77.8156996587031,96.6666666666667,48.1481481481481,48.5185185185185,0.172413793103448,47.1391417425228,51.4285714285714
"106","CHINTALA,ANISHA DELMORE,KAYLA GIBBS,SAVANNAH LAFOND,LIV MATSKO,MEGAN",4,13,13,485,12,10,7,13,0,11,18,"allegheny, capital, capital","20, 0, 2","3, 1, 3","13 34 21 4 10",64.3298969072165,76.9230769230769,92.3076923076923,-15.3846153846154,0.538461538461538,38.4615384615385,61.1111111111111
"107","CHINTALA,ANISHA DELMORE,KAYLA GIBBS,SAVANNAH LAFOND,LIV NAMBISAN,ISHA",4,0,1,8,0,0,0,0,0,0,0,"case western reserve","14","3","21 4 23 34 10",150,0,NA,NA,NA,NA,NA
"108","CHINTALA,ANISHA DELMORE,KAYLA GIBBS,SAVANNAH LAFOND,LIV OR,CATHERINE",4,27,28,786,24,26,6,19,5,11,21,"carnegie mellon, carnegie mellon, carnegie mellon, case western reserve, denison, denison","-3, -10, -7, 19, 0, -6","1, 2, 4, 4, 1, 3","4 10 21 22 34",83.969465648855,92.8571428571429,88.8888888888889,3.96825396825398,0.31578947368421,61.3207547169811,52.3809523809524
"109","CHINTALA,ANISHA DELMORE,KAYLA GIBBS,SAVANNAH LIGOTTI,PIPER MATSKO,MEGAN",4,14,12,453,9,10,4,12,3,11,18,"brandeis2, chicago, grove city, grove city, grove city","5, 3, -6, 8, 4","2, 2, 1, 3, 4","4 21 3 10 13",68.8741721854305,83.3333333333333,64.2857142857143,19.047619047619,0.333333333333333,37.5375375375375,61.1111111111111
"110","CHINTALA,ANISHA DELMORE,KAYLA GIBBS,SAVANNAH LIGOTTI,PIPER PROUTY,ANNA",3,2,2,63,4,1,0,0,2,0,1,"geneva","32","3","4 3 21 10 20",76.1904761904762,50,200,-150,NA,56.8181818181818,0
"111","CHINTALA,ANISHA DELMORE,KAYLA GIBBS,SAVANNAH MATSKO,MEGAN NAMBISAN,ISHA",4,11,13,390,8,13,3,10,7,7,16,"grove city, grove city","0, 7","3, 4","13 21 10 23 4",73.8461538461539,100,72.7272727272727,27.2727272727273,0.3,49.6941896024465,43.75
"112","CHINTALA,ANISHA DELMORE,KAYLA GIBBS,SAVANNAH MATSKO,MEGAN OR,CATHERINE",4,2,3,94,2,8,1,4,1,1,2,"rochester, rochester","-10, 0","2, 3","13 4 22 10 21",63.8297872340426,266.666666666667,100,166.666666666667,0.25,90.0900900900901,50
"113","CHINTALA,ANISHA DELMORE,KAYLA GIBBS,SAVANNAH NAMBISAN,ISHA OR,CATHERINE",4,1,1,26,2,0,0,0,0,1,1,"carnegie mellon2","6","2","23 4 22 10 21",92.3076923076923,0,200,-200,NA,NA,100
"114","CHINTALA,ANISHA DELMORE,KAYLA GIBBS,SAVANNAH NAMBISAN,ISHA PROUTY,ANNA",3,6,6,182,0,6,3,5,2,5,9,"geneva","19","2","4 10 23 21 20",79.1208791208791,100,0,100,0.6,51.0204081632653,55.5555555555556
"115","CHINTALA,ANISHA DELMORE,KAYLA GLOWASKY,SAM HEYER,ALLIE PROUTY,ANNA",4,1,0,20,2,0,0,0,0,0,1,"brandeis","19","4","20 5 11 10 21",60,NA,200,NA,NA,NA,0
"116","CHINTALA,ANISHA DELMORE,KAYLA HEYER,ALLIE LAFOND,LIV LIGOTTI,PIPER",5,3,2,100,0,0,2,2,0,4,5,"chicago2","-5","2","3 5 21 10 34",60,0,0,0,1,0,80
"117","CHINTALA,ANISHA DELMORE,KAYLA HEYER,ALLIE LAFOND,LIV MATSKO,MEGAN",5,4,5,148,2,2,0,4,0,0,3,"brandeis2, brandeis2, grove city","5, -2, 8","3, 4, 3","34 21 5 10 13",72.972972972973,40,50,-10,0,25,0
"118","CHINTALA,ANISHA DELMORE,KAYLA HEYER,ALLIE LAFOND,LIV OR,CATHERINE",5,6,7,139,7,7,3,5,2,3,6,"denison, denison","-2, -8","3, 4","10 5 34 21 22",112.230215827338,100,116.666666666667,-16.6666666666667,0.6,59.5238095238095,50
"119","CHINTALA,ANISHA DELMORE,KAYLA HEYER,ALLIE LAFOND,LIV PROUTY,ANNA",4,14,15,459,4,18,5,16,3,15,23,"brandeis, chicago2, wooster, wooster","15, -5, 6, 27","3, 1, 2, 3","20 10 21 5 34",75.8169934640523,120,28.5714285714286,91.4285714285714,0.3125,51.9630484988453,65.2173913043478
"120","CHINTALA,ANISHA DELMORE,KAYLA HEYER,ALLIE MATSKO,MEGAN PROUTY,ANNA",4,7,7,256,10,3,1,4,0,1,6,"chicago2, grove city","-3, 2","3, 1","5 13 20 10 21",65.625,42.8571428571429,142.857142857143,-100,0.25,37.5,16.6666666666667
"121","CHINTALA,ANISHA DELMORE,KAYLA HEYER,ALLIE OR,CATHERINE PROUTY,ANNA",4,6,6,175,11,6,2,3,4,0,2,"nyu","-20","3","20 22 10 21 5",82.2857142857143,100,183.333333333333,-83.3333333333333,0.666666666666667,63.0252100840336,0
"122","CHINTALA,ANISHA DELMORE,KAYLA LAFOND,LIV LIGOTTI,PIPER MATSKO,MEGAN",5,9,9,284,11,6,1,6,6,5,12,"brandeis2","3","4","34 10 3 21 13",76.056338028169,66.6666666666667,122.222222222222,-55.5555555555556,0.166666666666667,34.7222222222222,41.6666666666667
"123","CHINTALA,ANISHA DELMORE,KAYLA LAFOND,LIV LIGOTTI,PIPER PROUTY,ANNA",4,9,10,263,15,9,3,6,3,4,8,"brandeis, nyu","4, -12","1, 2","3 20 10 21 34",86.6920152091255,90,166.666666666667,-76.6666666666667,0.5,61.4754098360656,50
"124","CHINTALA,ANISHA DELMORE,KAYLA LAFOND,LIV MATSKO,MEGAN OR,CATHERINE",5,3,3,60,5,2,1,2,0,1,2,"brandeis2","-3","4","34 10 22 21 13",120,66.6666666666667,166.666666666667,-100,0.5,50,50
"125","CHINTALA,ANISHA DELMORE,KAYLA LIGOTTI,PIPER OR,CATHERINE PROUTY,ANNA",4,3,2,63,0,4,0,2,0,0,0,"geneva","29","3","22 3 21 10 20",95.2380952380952,200,0,200,0,100,NA
"126","CHINTALA,ANISHA DELMORE,KAYLA NAMBISAN,ISHA OR,CATHERINE PROUTY,ANNA",4,8,7,286,6,7,4,10,1,6,11,"carnegie mellon2","4","2","23 20 22 10 21",62.9370629370629,100,75,25,0.4,33.5249042145594,54.5454545454545
"127","CHINTALA,ANISHA GIBBS,SAVANNAH HEYER,ALLIE LAFOND,LIV LIGOTTI,PIPER",4,12,13,327,9,9,2,7,2,7,13,"brandeis, wooster, wooster","16, 6, 4","4, 1, 2","4 10 3 5 34",91.743119266055,69.2307692307692,75,-5.76923076923077,0.285714285714286,57.1065989847716,53.8461538461538
"128","CHINTALA,ANISHA GIBBS,SAVANNAH HEYER,ALLIE LAFOND,LIV MATSKO,MEGAN",4,9,7,217,5,8,4,6,0,4,7,"pitt.-greensburg, pitt.-greensburg2, pitt.-greensburg2","19, 19, 23","3, 2, 3","5 10 13 4 34",88.4792626728111,114.285714285714,55.5555555555556,58.7301587301587,0.666666666666667,66.6666666666667,57.1428571428571
"129","CHINTALA,ANISHA GIBBS,SAVANNAH HEYER,ALLIE LAFOND,LIV NAMBISAN,ISHA",4,5,6,196,4,9,1,5,0,2,3,"brandeis, pitt.-greensburg","18, 1","3, 1","4 10 23 5 34",67.3469387755102,150,80,70,0.2,90,66.6666666666667
"130","CHINTALA,ANISHA GIBBS,SAVANNAH HEYER,ALLIE LAFOND,LIV OR,CATHERINE",4,25,28,933,25,35,10,27,5,16,25,"brandeis, carnegie mellon, case western reserve, geneva, nyu, nyu, pitt.-greensburg, washington & jefferson","11, -9, 5, 12, -13, -16, 7, -9","3, 2, 1, 1, 1, 2, 2, 4","4 10 22 5 34",68.1672025723473,125,100,25,0.37037037037037,59.9315068493151,64
"131","CHINTALA,ANISHA GIBBS,SAVANNAH HEYER,ALLIE LIGOTTI,PIPER MATSKO,MEGAN",4,1,1,16,2,2,0,1,0,0,0,"grove city","11","3","13 5 10 3 4",150,200,200,0,0,100,NA
"132","CHINTALA,ANISHA GIBBS,SAVANNAH HEYER,ALLIE LIGOTTI,PIPER OR,CATHERINE",4,10,12,368,11,10,1,10,4,2,11,"denison, emory2, nyu2, nyu2","-8, -6, -15, -18","4, 3, 2, 3","3 5 22 10 4",71.7391304347826,83.3333333333333,110,-26.6666666666667,0.1,42.5170068027211,18.1818181818182
"133","CHINTALA,ANISHA GIBBS,SAVANNAH HEYER,ALLIE MATSKO,MEGAN NAMBISAN,ISHA",4,4,3,56,0,2,4,5,0,5,7,"grove city","0","1","5 4 23 10 13",150,66.6666666666667,0,66.6666666666667,0.8,20,71.4285714285714
"134","CHINTALA,ANISHA GIBBS,SAVANNAH HEYER,ALLIE MATSKO,MEGAN OR,CATHERINE",4,2,3,90,0,2,1,6,0,6,7,"brandeis2, rochester2","2, 25","2, 3","4 22 5 10 13",66.6666666666667,66.6666666666667,0,66.6666666666667,0.166666666666667,16.6666666666667,85.7142857142857
"135","CHINTALA,ANISHA GIBBS,SAVANNAH HEYER,ALLIE NAMBISAN,ISHA OR,CATHERINE",4,4,5,138,3,9,2,6,1,2,5,"carnegie mellon2","0","2","23 4 22 10 5",78.2608695652174,180,75,105,0.333333333333333,69.8757763975155,40
"136","CHINTALA,ANISHA GIBBS,SAVANNAH LAFOND,LIV LIGOTTI,PIPER NAMBISAN,ISHA",4,11,15,331,10,15,4,12,5,8,18,"capital, grove city","2, -5","1, 2","4 10 3 23 34",94.2598187311178,100,90.9090909090909,9.09090909090909,0.333333333333333,52.8169014084507,44.4444444444444
"137","CHINTALA,ANISHA GIBBS,SAVANNAH LAFOND,LIV LIGOTTI,PIPER OR,CATHERINE",4,21,22,734,25,15,6,18,6,9,30,"brandeis, brandeis, denison, nyu, nyu2, washington & jefferson, washington & jefferson, washu","11, 14, 1, -12, -2, 5, -6, -8","3, 4, 1, 2, 1, 2, 3, 2","4 10 22 3 34",70.299727520436,68.1818181818182,119.047619047619,-50.8658008658009,0.333333333333333,36.3372093023256,30
"138","CHINTALA,ANISHA GIBBS,SAVANNAH LAFOND,LIV MATSKO,MEGAN NAMBISAN,ISHA",4,2,2,80,0,0,0,1,0,0,1,"capital, grove city","6, 0","2, 2","4 10 13 23 34",60,0,0,0,0,0,0
"139","CHINTALA,ANISHA GIBBS,SAVANNAH LAFOND,LIV MATSKO,MEGAN OR,CATHERINE",4,19,22,773,16,19,5,21,4,16,23,"allegheny, pitt.-greensburg, pitt.-greensburg, washington & jefferson","18, 0, 17, -8","3, 1, 3, 4","13 34 22 4 10",63.6481241914618,86.3636363636364,84.2105263157895,2.15311004784689,0.238095238095238,41.7398945518453,69.5652173913043
"140","CHINTALA,ANISHA GIBBS,SAVANNAH LAFOND,LIV NAMBISAN,ISHA OR,CATHERINE",4,2,2,64,0,4,0,3,0,2,2,"case western reserve","14","3","22 4 23 34 10",75,200,0,200,0,66.6666666666667,100
"141","CHINTALA,ANISHA GIBBS,SAVANNAH LIGOTTI,PIPER MATSKO,MEGAN OR,CATHERINE",4,11,9,362,16,11,3,7,0,4,8,"chicago, chicago, chicago, emory, washu","2, -1, -8, -5, -10","1, 2, 4, 2, 2","3 4 10 22 13",66.2983425414365,122.222222222222,145.454545454545,-23.2323232323232,0.428571428571429,78.5714285714286,50
"142","CHINTALA,ANISHA GIBBS,SAVANNAH LIGOTTI,PIPER OR,CATHERINE PROUTY,ANNA",3,4,4,114,5,7,2,4,0,2,3,"case western reserve, case western reserve","2, 6","1, 2","3 20 10 22 4",84.2105263157895,175,125,50,0.5,87.5,66.6666666666667
"143","CHINTALA,ANISHA GIBBS,SAVANNAH NAMBISAN,ISHA OR,CATHERINE PROUTY,ANNA",3,1,1,38,3,3,1,1,0,0,0,"geneva","19","2","4 10 23 22 20",63.1578947368421,300,300,0,1,150,NA
"144","CHINTALA,ANISHA HEYER,ALLIE JOSEPH,JAMIE LAFOND,LIV MATSKO,MEGAN",4,3,5,126,2,3,1,2,0,1,2,"pitt.-greensburg2","18","1","5 13 32 10 34",76.1904761904762,60,66.6666666666667,-6.66666666666666,0.5,75,50
"145","CHINTALA,ANISHA HEYER,ALLIE LAFOND,LIV LIGOTTI,PIPER MATSKO,MEGAN",5,2,3,98,3,0,3,4,0,3,5,"grove city","11","3","13 5 10 3 34",61.2244897959184,0,150,-150,0.75,0,60
"146","CHINTALA,ANISHA HEYER,ALLIE LAFOND,LIV LIGOTTI,PIPER NAMBISAN,ISHA",5,3,3,112,6,5,1,2,0,0,0,"chicago2","-5","2","3 5 23 10 34",64.2857142857143,166.666666666667,200,-33.3333333333333,0.5,125,NA
"147","CHINTALA,ANISHA HEYER,ALLIE LAFOND,LIV LIGOTTI,PIPER OR,CATHERINE",5,9,5,285,11,0,1,5,0,2,8,"denison, nyu2, nyu2","-1, -20, -17","3, 2, 3","3 5 22 10 34",58.9473684210526,0,122.222222222222,-122.222222222222,0.2,0,25
"148","CHINTALA,ANISHA HEYER,ALLIE LAFOND,LIV LIGOTTI,PIPER PROUTY,ANNA",4,1,1,47,3,2,0,1,0,0,1,"brandeis","17","4","20 5 3 10 34",51.063829787234,200,300,-100,0,100,0
"149","CHINTALA,ANISHA HEYER,ALLIE LAFOND,LIV MATSKO,MEGAN OR,CATHERINE",5,7,8,260,8,6,0,6,0,4,10,"brandeis2, brandeis2","7, 6","2, 3","34 22 5 10 13",69.2307692307692,75,114.285714285714,-39.2857142857143,0,50,40
"150","CHINTALA,ANISHA HEYER,ALLIE LAFOND,LIV MATSKO,MEGAN PROUTY,ANNA",4,1,0,21,0,0,0,0,0,1,1,"pitt.-greensburg","22","3","5 10 13 20 34",57.1428571428571,NA,0,NA,NA,NA,100
"151","CHINTALA,ANISHA HEYER,ALLIE LAFOND,LIV NAMBISAN,ISHA PROUTY,ANNA",4,1,1,43,2,2,0,1,0,0,0,"brandeis","14","3","20 10 23 5 34",55.8139534883721,200,200,0,0,100,NA
"152","CHINTALA,ANISHA HEYER,ALLIE LIGOTTI,PIPER OR,CATHERINE PROUTY,ANNA",4,3,2,92,2,2,2,5,0,2,5,"nyu","-20","3","20 22 10 3 5",65.2173913043478,100,66.6666666666667,33.3333333333333,0.4,20,40
"153","CHINTALA,ANISHA HEYER,ALLIE MATSKO,MEGAN NAMBISAN,ISHA PROUTY,ANNA",4,0,1,47,3,0,0,1,0,0,4,"chicago2","-5","3","5 13 20 10 23",25.531914893617,0,Inf,-Inf,0,0,0
"154","CHINTALA,ANISHA LAFOND,LIV LIGOTTI,PIPER MATSKO,MEGAN OR,CATHERINE",5,3,3,101,5,0,0,2,0,1,4,"brandeis2","8","4","34 10 3 22 13",71.2871287128713,0,166.666666666667,-166.666666666667,0,0,25
"155","CHINTALA,ANISHA LAFOND,LIV LIGOTTI,PIPER MATSKO,MEGAN PROUTY,ANNA",4,3,3,93,2,3,0,1,2,0,2,"pitt.-greensburg","6","2","20 10 13 3 34",77.4193548387097,100,66.6666666666667,33.3333333333333,0,79.7872340425532,0
"156","CHINTALA,ANISHA LAFOND,LIV LIGOTTI,PIPER OR,CATHERINE PROUTY,ANNA",4,2,1,28,0,0,1,1,0,0,3,"case western reserve2, nyu","-18, -12","3, 2","20 10 34 3 22",128.571428571429,0,0,0,1,0,0
"157","DELMORE,KAYLA GIBBS,SAVANNAH HEYER,ALLIE LAFOND,LIV LIGOTTI,PIPER",4,14,13,442,12,11,3,11,6,6,16,"brandeis, capital, capital, pitt.-greensburg2, washu2","16, 2, 3, 27, 13","2, 4, 4, 3, 3","5 4 21 3 34",73.3031674208145,84.6153846153846,85.7142857142857,-1.0989010989011,0.272727272727273,40.3225806451613,37.5
"158","DELMORE,KAYLA GIBBS,SAVANNAH HEYER,ALLIE LAFOND,LIV MATSKO,MEGAN",4,10,11,341,19,15,4,8,0,3,6,"capital, capital, pitt.-greensburg2, pitt.-greensburg2","5, -1, 19, 26","2, 4, 2, 3","4 21 13 5 34",73.900293255132,136.363636363636,190,-53.6363636363637,0.5,93.75,50
"159","DELMORE,KAYLA GIBBS,SAVANNAH HEYER,ALLIE LAFOND,LIV NAMBISAN,ISHA",4,2,1,51,0,0,0,1,0,0,1,"wooster","21","2","21 4 23 5 34",70.5882352941177,0,0,0,0,0,0
"160","DELMORE,KAYLA GIBBS,SAVANNAH HEYER,ALLIE LAFOND,LIV OR,CATHERINE",4,27,27,883,23,28,11,28,3,11,28,"carnegie mellon, carnegie mellon, carnegie mellon, carnegie mellon2, carnegie mellon2","0, -10, -6, 0, 5","1, 2, 3, 1, 3","4 5 21 22 34",73.3861834654587,103.703703703704,85.1851851851852,18.5185185185185,0.392857142857143,47.7489768076398,39.2857142857143
"161","DELMORE,KAYLA GIBBS,SAVANNAH HEYER,ALLIE LIGOTTI,PIPER OR,CATHERINE",4,19,16,690,23,16,5,17,1,8,18,"case western reserve2, denison, emory, emory2, emory2, nyu2","-20, -9, -10, -5, -10, -19","3, 4, 4, 3, 4, 3","4 21 5 3 22",60.8695652173913,100,121.052631578947,-21.0526315789474,0.294117647058824,45.8715596330275,44.4444444444444
"162","DELMORE,KAYLA GIBBS,SAVANNAH HEYER,ALLIE LIGOTTI,PIPER PROUTY,ANNA",3,6,7,217,2,8,4,7,2,6,8,"pitt.-greensburg","23","3","5 21 3 20 4",71.889400921659,114.285714285714,33.3333333333333,80.952380952381,0.571428571428571,50.761421319797,75
"163","DELMORE,KAYLA GIBBS,SAVANNAH HEYER,ALLIE MATSKO,MEGAN NAMBISAN,ISHA",4,2,2,88,0,3,1,3,0,3,4,"grove city","-3","1","5 4 23 21 13",54.5454545454545,150,0,150,0.333333333333333,50,75
"164","DELMORE,KAYLA GIBBS,SAVANNAH HEYER,ALLIE MATSKO,MEGAN OR,CATHERINE",4,33,33,995,36,39,15,28,4,14,39,"case western reserve2, emory2, nyu2, rochester, rochester2, washu, washu","-8, 1, -9, -7, 4, -10, -6","2, 1, 1, 2, 1, 2, 3","4 22 21 5 13",79.5979899497488,118.181818181818,109.090909090909,9.09090909090911,0.535714285714286,65.5241935483871,35.8974358974359
"165","DELMORE,KAYLA GIBBS,SAVANNAH HEYER,ALLIE NAMBISAN,ISHA OR,CATHERINE",4,5,5,150,2,4,3,3,2,2,7,"carnegie mellon2","-2","2","23 4 22 21 5",80,80,40,40,1,51.5463917525773,28.5714285714286
"166","DELMORE,KAYLA GIBBS,SAVANNAH LAFOND,LIV LIGOTTI,PIPER MATSKO,MEGAN",4,3,3,79,2,2,0,1,0,0,1,"allegheny","17","2","3 21 34 4 13",91.1392405063291,66.6666666666667,66.6666666666667,0,0,100,0
"167","DELMORE,KAYLA GIBBS,SAVANNAH LAFOND,LIV LIGOTTI,PIPER NAMBISAN,ISHA",4,1,0,12,0,0,0,0,0,0,0,"grove city","-5","2","3 34 21 23 4",100,NA,0,NA,NA,NA,NA
"168","DELMORE,KAYLA GIBBS,SAVANNAH LAFOND,LIV MATSKO,MEGAN NAMBISAN,ISHA",4,5,6,155,5,5,1,5,0,2,6,"capital","6","2","4 21 13 23 34",85.1612903225806,83.3333333333333,100,-16.6666666666667,0.2,50,33.3333333333333
"169","DELMORE,KAYLA GIBBS,SAVANNAH LAFOND,LIV MATSKO,MEGAN OR,CATHERINE",4,2,3,96,3,0,1,2,0,1,3,"rochester","0","1","13 4 22 21 34",62.5,0,150,-150,0.5,0,33.3333333333333
"170","DELMORE,KAYLA GLOWASKY,SAM HEYER,ALLIE JOSEPH,JAMIE PROUTY,ANNA",3,1,1,22,0,0,0,1,0,0,1,"brandeis","17","4","20 5 11 32 21",109.090909090909,0,0,0,0,0,0
"171","DELMORE,KAYLA GLOWASKY,SAM JOSEPH,JAMIE NAMBISAN,ISHA PROUTY,ANNA",3,2,2,44,1,2,0,1,0,1,1,"pitt.-greensburg2","30","2","23 11 20 21 32",109.090909090909,100,50,50,0,100,100
"172","DELMORE,KAYLA GLOWASKY,SAM JOSEPH,JAMIE PRASAD,ANIKA PROUTY,ANNA",3,3,3,108,0,2,1,3,0,1,3,"brandeis","17","4","20 30 11 32 21",66.6666666666667,66.6666666666667,0,66.6666666666667,0.333333333333333,33.3333333333333,33.3333333333333
"173","DELMORE,KAYLA HEYER,ALLIE LAFOND,LIV LIGOTTI,PIPER OR,CATHERINE",5,3,4,148,3,3,2,5,0,3,6,"denison, nyu2","-4, -20","3, 2","3 5 22 21 34",56.7567567567568,75,100,-25,0.4,30,50
"174","DELMORE,KAYLA HEYER,ALLIE LAFOND,LIV MATSKO,MEGAN OR,CATHERINE",5,14,15,474,16,23,6,15,2,7,11,"brandeis2, brandeis2, brandeis2, brandeis2, brandeis2, brandeis2, washu","5, 5, 6, 9, 11, -6, -5","3, 3, 3, 3, 4, 4, 3","34 21 5 22 13",73.4177215189873,153.333333333333,114.285714285714,39.0476190476191,0.4,72.4181360201511,63.6363636363636
"175","DELMORE,KAYLA HEYER,ALLIE LAFOND,LIV NAMBISAN,ISHA PROUTY,ANNA",4,6,6,209,5,2,1,5,0,4,7,"brandeis","2","1","5 20 23 21 34",68.8995215311005,33.3333333333333,83.3333333333333,-50,0.2,20,57.1428571428571
"176","DELMORE,KAYLA LAFOND,LIV LIGOTTI,PIPER OR,CATHERINE PROUTY,ANNA",4,4,4,175,4,2,0,5,0,2,6,"case western reserve2","-18","3","20 21 34 3 22",54.8571428571429,50,100,-50,0,20,33.3333333333333
"177","DELMORE,KAYLA LIGOTTI,PIPER NAMBISAN,ISHA OR,CATHERINE PROUTY,ANNA",4,2,3,82,2,0,2,3,0,1,4,"geneva","33","3","22 3 21 23 20",73.1707317073171,0,100,-100,0.666666666666667,0,25
"178","GIBBS,SAVANNAH HEYER,ALLIE LAFOND,LIV LIGOTTI,PIPER OR,CATHERINE",4,10,12,327,8,14,3,9,3,4,8,"brandeis, brandeis, denison, emory, nyu2, washington & jefferson","13, 14, 1, -10, -7, -9","3, 4, 1, 1, 1, 4","4 3 22 5 34",80.7339449541284,116.666666666667,80,36.6666666666667,0.333333333333333,67.8294573643411,50
"179","GIBBS,SAVANNAH HEYER,ALLIE LIGOTTI,PIPER MATSKO,MEGAN OR,CATHERINE",4,7,6,281,7,2,2,5,0,4,9,"nyu2, rochester2, washu, washu","-7, 28, -2, -4","1, 3, 1, 1","3 4 5 22 13",55.5160142348754,33.3333333333333,100,-66.6666666666667,0.4,20,44.4444444444444
"180","GIBBS,SAVANNAH HEYER,ALLIE LIGOTTI,PIPER OR,CATHERINE PROUTY,ANNA",3,4,4,110,6,7,2,3,2,1,2,"geneva","25","2","4 3 22 5 20",87.2727272727273,175,150,25,0.666666666666667,90.2061855670103,50
"181","GLOWASKY,SAM JOSEPH,JAMIE MATSKO,MEGAN OR,CATHERINE PRASAD,ANIKA",4,5,4,146,4,4,1,4,1,3,6,"emory2","0","1","32 11 13 22 30",73.972602739726,100,80,20,0.25,45.045045045045,50
"182","HEYER,ALLIE LAFOND,LIV LIGOTTI,PIPER OR,CATHERINE PROUTY,ANNA",4,7,7,182,2,0,1,3,2,6,7,"brandeis, geneva","17, 13","4, 1","20 5 3 22 34",92.3076923076923,0,28.5714285714286,-28.5714285714286,0.333333333333333,0,85.7142857142857
"183","LAFOND,LIV LIGOTTI,PIPER MATSKO,MEGAN OR,CATHERINE PROUTY,ANNA",4,4,4,111,2,3,3,6,0,4,7,"pitt.-greensburg","5","2","20 22 13 3 34",86.4864864864865,75,50,25,0.5,25,57.1428571428571
"184","LAFOND,LIV LIGOTTI,PIPER NAMBISAN,ISHA OR,CATHERINE PROUTY,ANNA",4,1,2,46,0,2,0,2,0,0,1,"geneva","11","1","3 20 22 23 34",78.2608695652174,100,0,100,0,50,0
